title,plant,category,topic,level,keywords
Growing Cucumbers Vertically on a Cattle Panel Trellis,Cucumber,Vining Vegetables,Trellising,Beginner,cucumber vertical gardening cattle panel trellis raised bed vines training
Pruning Cucumber Vines for Better Airflow,Cucumber,Vining Vegetables,Pruning,Intermediate,cucumber pruning vines airflow disease prevention trellis
Cucumber Watering Guide for Raised Beds,Cucumber,Vining Vegetables,Watering,Beginner,cucumber watering raised bed moisture mulch summer
Common Cucumber Pests and Organic Control,Cucumber,Vining Vegetables,Pest Control,Beginner,cucumber beetle aphids pests organic control neem
Why Cucumber Leaves Turn Yellow,Cucumber,Vining Vegetables,Disease,Beginner,cucumber yellow leaves nutrient deficiency overwatering disease
Training Pole Beans on a Trellis,String Bean,Vining Vegetables,Trellising,Beginner,pole beans string beans trellis climbing vines support
Growing String Beans in Raised Beds,String Bean,Vining Vegetables,Planting,Beginner,string beans pole beans raised bed planting spacing soil
Harvesting String Beans for Continued Production,String Bean,Vining Vegetables,Harvesting,Beginner,string beans harvest picking production tender pods
Squash Trellising and Vine Support,Squash,Vining Vegetables,Trellising,Intermediate,squash trellis vertical support vines fruit sling cattle panel
Squash Vine Borer Prevention and Control,Squash,Vining Vegetables,Pest Control,Intermediate,squash vine borer pest prevention organic control
Growing Tomatoes in Raised Beds,Tomato,Seasonal Vegetables,Planting,Beginner,tomato raised bed planting spacing soil transplant
How to Prune Tomato Suckers,Tomato,Seasonal Vegetables,Pruning,Beginner,tomato pruning suckers indeterminate airflow
Tomato Fertilizing from Flowers to Fruit,Tomato,Seasonal Vegetables,Fertilizing,Intermediate,tomato fertilizer flowering fruit phosphorus potassium
Preventing Blossom End Rot in Tomatoes,Tomato,Seasonal Vegetables,Disease,Beginner,tomato blossom end rot calcium watering consistency
Tomato Hornworm and Aphid Control,Tomato,Seasonal Vegetables,Pest Control,Beginner,tomato hornworm aphid pest organic control
Growing Bell Peppers in Raised Beds,Bell Pepper,Seasonal Vegetables,Planting,Beginner,bell pepper raised bed planting heat soil spacing
Fertilizing Pepper Plants for More Fruit,Bell Pepper,Seasonal Vegetables,Fertilizing,Intermediate,pepper fertilizer flowering fruit production
Pepper Plant Pest and Disease Troubleshooting,Bell Pepper,Seasonal Vegetables,Disease,Intermediate,pepper pests disease leaf spot aphids
Growing Eggplant in Hot Weather,Eggplant,Seasonal Vegetables,Planting,Beginner,eggplant heat raised bed planting sun soil
Harvesting Eggplant at the Right Time,Eggplant,Seasonal Vegetables,Harvesting,Beginner,eggplant harvest ripe glossy fruit timing
Growing Mixed Greens Under a Trellis,Mixed Greens,Leafy Greens,Planting,Beginner,lettuce kale spinach mixed greens shade trellis raised bed succession
Succession Planting Lettuce and Greens,Mixed Greens,Leafy Greens,Planting,Intermediate,lettuce spinach greens succession planting continuous harvest
How to Harvest Leafy Greens Cut-and-Come-Again,Mixed Greens,Leafy Greens,Harvesting,Beginner,lettuce greens harvest cut come again
Protecting Greens from Summer Heat,Mixed Greens,Leafy Greens,Seasonal Care,Beginner,greens heat shade cloth summer bolting
Growing Blueberries in Containers and Beds,Blueberry,Berries,Planting,Beginner,blueberry acidic soil container raised bed planting ph
How to Acidify Soil for Blueberries,Blueberry,Berries,Soil Care,Intermediate,blueberry soil acidity ph sulfur peat
Blueberry Pruning for Better Fruit,Blueberry,Berries,Pruning,Intermediate,blueberry pruning canes fruit production
Protecting Berries from Birds,Blueberry,Berries,Pest Control,Beginner,blueberry berries birds netting protection
Growing Strawberries in Raised Beds,Strawberry,Berries,Planting,Beginner,strawberry raised bed planting runners mulch
Strawberry Runner Management and Propagation,Strawberry,Berries,Propagation,Intermediate,strawberry runners propagation daughter plants
Starting a Raised-Bed Herb Garden,Herbs,Herbs,Planting,Beginner,herbs raised bed basil parsley cilantro rosemary thyme
Harvesting Basil to Keep It Producing,Basil,Herbs,Harvesting,Beginner,basil harvest pruning pinch flowers bushy
Growing Rosemary in Containers,Rosemary,Herbs,Container Growing,Beginner,rosemary container drainage watering sun
Cilantro Succession Planting in Warm Climates,Cilantro,Herbs,Seasonal Care,Intermediate,cilantro succession planting heat bolting shade
Growing Mint Without Letting It Take Over,Mint,Herbs,Container Growing,Beginner,mint container invasive roots control
Growing Lemon Trees in Containers,Lemon,Potted Fruit Trees,Container Growing,Beginner,lemon citrus container pot drainage fertilizer sun
Citrus Fertilizing Schedule for Container Trees,Citrus,Potted Fruit Trees,Fertilizing,Intermediate,citrus lemon orange fertilizer micronutrients container
Diagnosing Yellow Citrus Leaves,Citrus,Potted Fruit Trees,Disease,Intermediate,citrus yellow leaves chlorosis nitrogen iron magnesium
Pruning Container Citrus Trees,Citrus,Potted Fruit Trees,Pruning,Beginner,citrus pruning container shape deadwood
Growing Orange Trees in Pots,Orange,Potted Fruit Trees,Container Growing,Beginner,orange citrus pot container drainage sun
Growing Olive Trees in Containers,Olive,Potted Fruit Trees,Container Growing,Beginner,olive tree container pot drainage sun pruning
Olive Tree Pruning and Shape Management,Olive,Potted Fruit Trees,Pruning,Intermediate,olive pruning shape fruiting branches container
Growing Apple Trees in Large Containers,Apple,Potted Fruit Trees,Container Growing,Intermediate,apple tree container dwarf pollination pot
Apple Tree Pruning Basics,Apple,Potted Fruit Trees,Pruning,Beginner,apple pruning fruiting spurs shape dormant
Growing Peach Trees in Containers,Peach,Potted Fruit Trees,Container Growing,Intermediate,peach container dwarf fruit tree pot sun
Peach Tree Pruning for Fruit Production,Peach,Potted Fruit Trees,Pruning,Intermediate,peach pruning open center fruit production
Growing Persimmons in Containers,Persimmon,Potted Fruit Trees,Container Growing,Intermediate,persimmon container fruit tree pot drainage
Persimmon Tree Seasonal Care,Persimmon,Potted Fruit Trees,Seasonal Care,Intermediate,persimmon seasonal care fertilizer dormancy fruit
Growing Pear Trees in Containers,Pear,Potted Fruit Trees,Container Growing,Intermediate,pear container dwarf tree pollination pruning
Pear Tree Pruning Basics,Pear,Potted Fruit Trees,Pruning,Intermediate,pear pruning structure fruiting spurs
Growing Grapes on a Trellis,Grape,Vining Fruits,Trellising,Beginner,grapes vines trellis training support
Pruning Grapevines for Better Fruit,Grape,Vining Fruits,Pruning,Intermediate,grape pruning canes spurs dormant fruit
Growing Muscadine Grapes on a Trellis,Muscadine,Vining Fruits,Trellising,Beginner,muscadine grape trellis southern garden vines
Muscadine Pruning and Training,Muscadine,Vining Fruits,Pruning,Intermediate,muscadine pruning cordon spurs training
Growing Figs in Containers,Fig,Potted Fruit Trees,Container Growing,Beginner,fig container pot drainage root pruning fruit
Pruning Fig Trees in Pots,Fig,Potted Fruit Trees,Pruning,Intermediate,fig pruning container size fruit branches
Propagating Figs from Cuttings,Fig,Potted Fruit Trees,Propagation,Beginner,fig cuttings propagation rooting
Growing Loquat Trees in Containers,Loquat,Potted Fruit Trees,Container Growing,Intermediate,loquat container fruit tree pot subtropical
Loquat Pruning and Fruit Management,Loquat,Potted Fruit Trees,Pruning,Intermediate,loquat pruning fruit clusters shape
Growing Pomegranates in Containers,Pomegranate,Potted Fruit Trees,Container Growing,Beginner,pomegranate container pot sun drainage
Pomegranate Pruning for Fruit Production,Pomegranate,Potted Fruit Trees,Pruning,Intermediate,pomegranate pruning suckers fruiting wood
Raised Bed Soil Mix for Vegetables,General,Raised Beds,Soil Care,Beginner,raised bed soil compost drainage organic matter vegetables
Refreshing Raised Bed Soil Between Seasons,General,Raised Beds,Soil Care,Beginner,raised bed amend soil compost fertilizer between seasons
Drip Irrigation for Raised Beds,General,Raised Beds,Watering,Intermediate,drip irrigation raised beds timer water efficiency
Companion Planting in Raised Beds,General,Raised Beds,Planting,Beginner,companion planting vegetables herbs flowers raised beds
Using a Cattle Panel as a Garden Arch Trellis,General,Garden Structures,Trellising,Beginner,cattle panel arch trellis raised beds vertical garden
Organic Pest Management for a Home Garden,General,Garden Care,Pest Control,Beginner,organic pest management beneficial insects neem hand picking
Composting for Raised Beds and Fruit Trees,General,Garden Care,Soil Care,Beginner,compost organic matter raised beds fruit trees soil
Mulching Vegetables and Fruit Trees,General,Garden Care,Watering,Beginner,mulch moisture weeds soil temperature vegetables fruit trees
Planting Flowers for Pollinators,Flowering Plants,Flowers,Planting,Beginner,flowers pollinators bees butterflies garden
Deadheading Flowers for Continuous Blooms,Flowering Plants,Flowers,Pruning,Beginner,flowers deadheading blooms pruning
Fertilizing Flower Beds Through the Season,Flowering Plants,Flowers,Fertilizing,Beginner,flower bed fertilizer blooms season
Managing Aphids on Flowering Plants,Flowering Plants,Flowers,Pest Control,Beginner,flowers aphids pest control beneficial insects
Container Flower Gardening Basics,Flowering Plants,Flowers,Container Growing,Beginner,flowers containers pots drainage color
